id,class
0, 1
1, 1
2, 0
3, 1
4, 1
5, 1
6, 1
7, 1
8, 0
9, 1
10, 0
11, 1
12, 1
13, 1
14, 0
15, 0
16, 1
17, 1
18, 1
19, 1
20, 0
21, 0
22, 0
23, 0
24, 1
25, 0
26, 0
27, 1
28, 1
29, 1
30, 0
31, 0
32, 1
33, 1
34, 1
35, 1
36, 1
37, 0
38, 1
39, 1
40, 1
41, 0
42, 1
43, 0
44, 0
45, 0
46, 1
47, 1
48, 0
49, 1
50, 1
51, 1
52, 0
53, 1
54, 0
55, 1
56, 1
57, 1
58, 0
59, 1
60, 1
61, 0
62, 0
63, 1
64, 0
65, 0
66, 1
67, 0
68, 1
69, 1
70, 0
71, 0
72, 1
73, 0
74, 1
75, 1
76, 1
77, 1
78, 0
79, 1
80, 0
81, 1
82, 0
83, 0
84, 0
85, 0
86, 0
87, 0
88, 0
89, 1
90, 0
91, 0
92, 1
93, 0
94, 1
95, 0
96, 0
97, 1
98, 0
99, 1
100, 1
101, 0
102, 0
103, 0
104, 0
105, 0
106, 1
107, 1
108, 0
109, 0
110, 1
111, 0
112, 1
113, 0
114, 0
115, 1
116, 1
117, 1
118, 0
119, 0
120, 1
121, 1
122, 1
123, 1
124, 0
125, 0
126, 0
127, 0
128, 0
129, 1
130, 0
131, 1
132, 1
133, 1
134, 1
135, 1
136, 1
137, 1
138, 0
139, 1
140, 0
141, 0
142, 0
143, 0
144, 1
145, 0
146, 1
147, 1
148, 0
149, 0
150, 1
151, 1
152, 1
153, 0
154, 0
155, 0
156, 0
157, 1
158, 0
159, 0
160, 1
161, 0
162, 1
163, 0
164, 0
165, 1
166, 1
167, 1
168, 0
169, 0
170, 1
171, 0
172, 0
173, 0
174, 1
175, 0
176, 0
177, 1
178, 0
179, 1
180, 0
181, 1
182, 0
183, 1
184, 1
185, 0
186, 1
187, 1
188, 1
189, 1
190, 0
191, 1
192, 0
193, 1
194, 1
195, 0
196, 0
197, 0
198, 1
199, 1
200, 0
201, 1
202, 1
203, 1
204, 1
205, 1
206, 1
207, 0
208, 1
209, 1
210, 0
211, 1
212, 1
213, 0
214, 0
215, 1
216, 1
217, 0
218, 1
219, 1
220, 1
221, 0
222, 0
223, 1
224, 0
225, 1
226, 1
227, 1
228, 0
229, 0
230, 1
231, 0
232, 1
233, 1
234, 1
235, 1
236, 1
237, 1
238, 0
239, 0
240, 0
241, 0
242, 0
243, 0
244, 0
245, 1
246, 1
247, 0
248, 1
249, 1
250, 1
251, 1
252, 1
253, 1
254, 0
255, 0
256, 0
257, 1
258, 0
259, 0
260, 0
261, 1
262, 0
263, 1
264, 1
265, 1
266, 0
267, 0
268, 1
269, 0
270, 0
271, 1
272, 1
273, 0
274, 0
275, 1
276, 1
277, 0
278, 0
279, 0
280, 0
281, 1
282, 0
283, 1
284, 0
285, 0
286, 0
287, 0
288, 1
289, 0
290, 1
291, 0
292, 1
293, 1
294, 0
295, 1
296, 1
297, 1
298, 1
299, 1
300, 1
301, 0
302, 1
303, 0
304, 1
305, 0
306, 1
307, 0
308, 1
309, 0
310, 1
311, 0
312, 0
313, 1
314, 0
315, 0
316, 1
317, 1
318, 0
319, 0
320, 1
321, 1
322, 0
323, 1
324, 1
325, 0
326, 0
327, 1
328, 1
329, 0
330, 0
331, 1
332, 0
333, 1
334, 1
335, 0
336, 0
337, 1
338, 1
339, 0
340, 1
341, 1
342, 1
343, 0
344, 0
345, 0
346, 1
347, 1
348, 1
349, 1
350, 1
351, 1
352, 0
353, 1
354, 1
355, 0
356, 1
357, 1
358, 0
359, 1
360, 1
361, 0
362, 1
363, 1
364, 1
365, 1
366, 1
367, 0
368, 0
369, 1
370, 1
371, 1
372, 1
373, 1
374, 1
375, 1
376, 0
377, 1
378, 0
379, 0
380, 1
381, 1
382, 1
383, 0
384, 0
385, 0
386, 0
387, 0
388, 0
389, 1
390, 0
391, 0
392, 1
393, 0
394, 0
395, 0
396, 1
397, 0
398, 1
399, 0
400, 0
401, 1
402, 1
403, 0
404, 1
405, 1
406, 0
407, 1
408, 0
409, 1
410, 0
411, 0
412, 0
413, 0
414, 0
415, 0
416, 1
417, 0
418, 0
419, 0
420, 1
421, 0
422, 1
423, 0
424, 0
425, 0
426, 0
427, 1
428, 1
429, 0
430, 0
431, 0
432, 0
433, 1
434, 0
435, 0
436, 1
437, 1
438, 0
439, 1
440, 0
441, 1
442, 1
443, 1
444, 0
445, 1
446, 0
447, 1
448, 0
449, 1
450, 0
451, 0
452, 0
453, 1
454, 0
455, 1
456, 1
457, 1
458, 1
459, 1
460, 1
461, 0
462, 1
463, 1
464, 1
465, 1
466, 1
467, 0
468, 0
469, 1
470, 1
471, 1
472, 0
473, 1
474, 0
475, 1
476, 0
477, 0
478, 0
479, 0
480, 1
481, 0
482, 0
483, 0
484, 1
485, 1
486, 0
487, 0
488, 1
489, 1
490, 1
491, 1
492, 1
493, 0
494, 0
495, 0
496, 1
497, 1
498, 0
499, 0
500, 1
501, 0
502, 1
503, 1
504, 1
505, 0
506, 0
507, 1
508, 0
509, 1
510, 1
511, 0
512, 0
513, 1
514, 1
515, 0
516, 1
517, 1
518, 0
519, 0
520, 1
521, 1
522, 0
523, 1
524, 0
525, 1
526, 1
527, 1
528, 1
529, 0
530, 0
531, 1
532, 0
533, 0
534, 0
535, 1
536, 0
537, 1
538, 0
539, 0
540, 0
541, 1
542, 0
543, 1
544, 1
545, 1
546, 1
547, 1
548, 0
549, 0
550, 1
551, 0
552, 1
553, 1
554, 1
555, 1
556, 0
557, 0
558, 1
559, 0
560, 0
561, 1
562, 1
563, 0
564, 0
565, 1
566, 1
567, 1
568, 0
569, 0
570, 0
571, 1
572, 1
573, 1
574, 1
575, 1
576, 1
577, 0
578, 1
579, 0
580, 0
581, 0
582, 1
583, 0
584, 0
585, 0
586, 0
587, 1
588, 0
589, 1
590, 1
591, 1
592, 1
593, 1
594, 1
595, 0
596, 1
597, 0
598, 0
599, 1
600, 1
601, 1
602, 0
603, 1
604, 0
605, 1
606, 1
607, 1
608, 1
609, 0
610, 0
611, 0
612, 1
613, 1
614, 0
615, 0
616, 1
617, 0
618, 1
619, 1
620, 0
621, 0
622, 0
623, 1
624, 0
625, 0
626, 1
627, 0
628, 1
629, 1
630, 0
631, 1
632, 0
633, 0
634, 1
635, 1
636, 1
637, 0
638, 1
639, 1
640, 1
641, 0
642, 0
643, 0
644, 0
645, 0
646, 1
647, 1
648, 1
649, 0
650, 1
651, 0
652, 1
653, 1
654, 1
655, 0
656, 0
657, 1
658, 0
659, 1
660, 1
661, 1
662, 0
663, 0
664, 1
665, 1
666, 1
667, 1
668, 0
669, 0
670, 1
671, 0
672, 0
673, 1
674, 0
675, 0
676, 0
677, 1
678, 1
679, 0
680, 1
681, 0
682, 1
683, 0
684, 1
685, 1
686, 1
687, 1
688, 0
689, 0
690, 0
691, 0
692, 1
693, 0
694, 1
695, 1
696, 1
697, 0
698, 1
699, 0
700, 1
701, 1
702, 1
703, 0
704, 1
705, 0
706, 0
707, 0
708, 0
709, 1
710, 1
711, 0
712, 1
713, 1
714, 0
715, 1
716, 1
717, 1
718, 1
719, 1
720, 0
721, 1
722, 0
723, 1
724, 1
725, 1
726, 1
727, 0
728, 1
729, 0
730, 1
731, 1
732, 0
733, 1
734, 1
735, 0
736, 1
737, 1
738, 0
739, 0
740, 0
741, 1
742, 1
743, 1
744, 1
745, 1
746, 0
747, 0
748, 0
749, 1
750, 0
751, 0
752, 1
753, 1
754, 1
755, 1
756, 0
757, 0
758, 1
759, 1
760, 0
761, 1
762, 1
763, 1
764, 1
765, 1
766, 0
767, 1
768, 1
769, 0
770, 0
771, 1
772, 0
773, 1
774, 1
775, 1
776, 1
777, 0
778, 0
779, 0
780, 0
781, 1
782, 1
783, 0
784, 1
785, 1
786, 0
787, 1
788, 1
789, 0
790, 0
791, 0
792, 0
793, 1
794, 1
795, 1
796, 0
797, 0
798, 1
799, 1
800, 0
801, 0
802, 0
803, 0
804, 1
805, 0
806, 0
807, 1
808, 0
809, 1
810, 1
811, 0
812, 0
813, 1
814, 1
815, 1
816, 0
817, 1
818, 1
819, 0
820, 1
821, 0
822, 1
823, 0
824, 0
825, 0
826, 0
827, 0
828, 1
829, 1
830, 0
831, 1
832, 1
833, 0
834, 0
835, 1
836, 0
837, 0
838, 1
839, 0
840, 1
841, 0
842, 1
843, 0
844, 0
845, 0
846, 0
847, 0
848, 0
849, 1
850, 0
851, 1
852, 1
853, 0
854, 0
855, 1
856, 1
857, 1
858, 1
859, 0
860, 0
861, 1
862, 1
863, 1
864, 1
865, 0
866, 1
867, 0
868, 1
869, 1
870, 0
871, 1
872, 0
873, 1
874, 0
875, 0
876, 0
877, 0
878, 0
879, 0
880, 0
881, 1
882, 0
883, 0
884, 0
885, 1
886, 1
887, 1
888, 0
889, 1
890, 0
891, 0
892, 1
893, 0
894, 0
895, 0
896, 1
897, 0
898, 1
899, 1
900, 1
901, 1
902, 0
903, 1
904, 1
905, 1
906, 1
907, 0
908, 1
909, 1
910, 0
911, 0
912, 1
913, 1
914, 1
915, 0
916, 0
917, 1
918, 0
919, 1
920, 1
921, 0
922, 0
923, 0
924, 1
925, 1
926, 1
927, 1
928, 1
929, 1
930, 0
931, 0
932, 0
933, 0
934, 1
935, 0
936, 1
937, 1
938, 1
939, 0
940, 1
941, 1
942, 0
943, 0
944, 0
945, 1
946, 1
947, 1
948, 0
949, 1
950, 1
951, 0
952, 0
953, 0
954, 0
955, 0
956, 1
957, 1
958, 0
959, 1
960, 0
961, 0
962, 0
963, 0
964, 0
965, 1
966, 1
967, 0
968, 1
969, 0
970, 1
971, 1
972, 1
973, 0
974, 0
975, 1
976, 1
977, 0
978, 1
979, 1
980, 1
981, 1
982, 1
983, 0
984, 0
985, 0
986, 1
987, 1
988, 0
989, 0
990, 0
991, 0
992, 1
993, 1
994, 0
995, 0
996, 1
997, 1
998, 1
999, 0
1000, 0
1001, 1
1002, 1
1003, 1
1004, 1
1005, 1
1006, 1
1007, 0
1008, 0
1009, 0
1010, 1
1011, 0
1012, 1
1013, 0
1014, 1
1015, 0
1016, 1
1017, 1
1018, 0
1019, 1
1020, 1
1021, 1
1022, 1
1023, 1
1024, 1
1025, 0
1026, 0
1027, 1
1028, 1
1029, 0
1030, 1
1031, 1
1032, 1
1033, 0
1034, 1
1035, 1
1036, 1
1037, 0
1038, 1
1039, 1
1040, 0
1041, 1
1042, 1
1043, 1
1044, 1
1045, 1
1046, 1
1047, 1
1048, 1
1049, 1
1050, 1
1051, 0
1052, 0
1053, 1
1054, 0
1055, 0
1056, 0
1057, 1
1058, 1
1059, 0
1060, 0
1061, 1
1062, 0
1063, 1
1064, 0
1065, 0
1066, 0
1067, 0
1068, 1
1069, 0
1070, 1
1071, 0
1072, 0
1073, 1
1074, 0
1075, 0
1076, 1
1077, 0
1078, 1
1079, 1
1080, 1
1081, 1
1082, 1
1083, 1
1084, 0
1085, 0
1086, 1
1087, 0
1088, 1
1089, 1
1090, 0
1091, 0
1092, 0
1093, 1
1094, 0
1095, 0
1096, 1
1097, 0
1098, 1
1099, 0
1100, 1
1101, 0
1102, 1
1103, 1
1104, 1
1105, 0
1106, 0
1107, 0
1108, 1
1109, 1
1110, 1
1111, 0
1112, 0
1113, 0
1114, 0
1115, 1
1116, 0
1117, 0
1118, 0
1119, 1
1120, 1
1121, 0
1122, 1
1123, 1
1124, 1
1125, 0
1126, 0
1127, 1
1128, 1
1129, 1
1130, 0
1131, 0
1132, 0
1133, 0
1134, 1
1135, 0
1136, 1
1137, 0
1138, 0
1139, 1
1140, 0
1141, 0
1142, 0
1143, 1
1144, 1
1145, 1
1146, 0
1147, 1
1148, 0
1149, 0
1150, 0
1151, 1
1152, 0
1153, 1
1154, 1
1155, 1
1156, 1
1157, 0
1158, 0
1159, 1
1160, 0
1161, 1
1162, 0
1163, 1
1164, 1
1165, 1
1166, 0
1167, 1
1168, 0
1169, 0
1170, 1
1171, 1
1172, 0
1173, 0
1174, 0
1175, 0
1176, 0
1177, 1
1178, 0
1179, 1
1180, 0
1181, 0
1182, 1
1183, 0
1184, 1
1185, 1
1186, 0
1187, 1
1188, 0
1189, 0
1190, 1
1191, 0
1192, 1
1193, 1
1194, 1
1195, 0
1196, 0
1197, 0
1198, 0
1199, 0
1200, 0
1201, 0
1202, 0
1203, 1
1204, 0
1205, 1
1206, 1
1207, 0
1208, 1
1209, 1
1210, 0
1211, 1
1212, 1
1213, 1
1214, 1
1215, 1
1216, 0
1217, 0
1218, 1
1219, 0
1220, 1
1221, 1
1222, 0
1223, 0
1224, 1
1225, 0
1226, 1
1227, 1
1228, 0
1229, 1
1230, 1
1231, 1
1232, 1
1233, 0
1234, 0
1235, 1
1236, 0
1237, 0
1238, 0
1239, 1
1240, 1
1241, 1
1242, 1
1243, 1
1244, 1
1245, 1
1246, 1
1247, 0
1248, 1
1249, 0
1250, 1
1251, 0
1252, 1
1253, 1
1254, 0
1255, 0
1256, 0
1257, 1
1258, 1
1259, 1
1260, 0
1261, 0
1262, 1
1263, 0
1264, 0
1265, 1
1266, 0
1267, 0
1268, 0
1269, 1
1270, 1
1271, 0
1272, 0
1273, 0
1274, 1
1275, 0
1276, 0
1277, 1
1278, 0
1279, 0
1280, 0
1281, 1
1282, 1
1283, 1
1284, 0
1285, 1
1286, 0
1287, 1
1288, 1
1289, 1
1290, 1
1291, 1
1292, 0
1293, 1
1294, 1
1295, 0
1296, 0
1297, 1
1298, 1
1299, 1
1300, 1
1301, 0
1302, 1
1303, 1
1304, 0
1305, 0
1306, 0
1307, 1
1308, 1
1309, 1
1310, 1
1311, 0
1312, 1
1313, 1
1314, 1
1315, 0
1316, 1
1317, 0
1318, 0
1319, 1
1320, 1
1321, 1
1322, 1
1323, 0
1324, 0
1325, 0
1326, 1
1327, 0
1328, 0
1329, 0
1330, 0
1331, 1
1332, 1
1333, 1
1334, 0
1335, 0
1336, 0
1337, 1
1338, 0
1339, 1
1340, 1
1341, 1
1342, 0
1343, 0
1344, 0
1345, 1
1346, 0
1347, 1
1348, 1
1349, 0
1350, 1
1351, 1
1352, 0
1353, 1
1354, 0
1355, 0
1356, 1
1357, 0
1358, 1
1359, 1
1360, 1
1361, 1
1362, 0
1363, 1
1364, 1
1365, 0
1366, 0
1367, 1
1368, 1
1369, 1
1370, 1
1371, 0
1372, 0
1373, 1
1374, 1
1375, 0
1376, 0
1377, 1
1378, 1
1379, 0
1380, 0
1381, 1
1382, 1
1383, 0
1384, 1
1385, 1
1386, 1
1387, 0
1388, 1
1389, 0
1390, 0
1391, 0
1392, 1
1393, 0
1394, 0
1395, 0
1396, 1
1397, 0
1398, 0
1399, 1
1400, 0
1401, 0
1402, 0
1403, 1
1404, 0
1405, 1
1406, 1
1407, 1
1408, 0
1409, 0
1410, 1
1411, 1
1412, 0
1413, 0
1414, 1
1415, 1
1416, 1
1417, 1
1418, 0
1419, 0
1420, 1
1421, 1
1422, 0
1423, 0
1424, 0
1425, 1
1426, 1
1427, 0
1428, 0
1429, 1
1430, 1
1431, 1
1432, 0
1433, 0
1434, 1
1435, 1
1436, 1
1437, 1
1438, 1
1439, 1
1440, 1
1441, 0
1442, 1
1443, 1
1444, 0
1445, 0
1446, 1
1447, 0
1448, 1
1449, 1
1450, 1
1451, 0
1452, 0
1453, 1
1454, 1
1455, 1
1456, 0
1457, 1
1458, 1
1459, 1
1460, 1
1461, 0
1462, 1
1463, 0
1464, 0
1465, 1
1466, 0
1467, 0
1468, 0
1469, 1
1470, 0
1471, 1
1472, 0
1473, 1
1474, 0
1475, 0
1476, 1
1477, 0
1478, 1
1479, 1
1480, 0
1481, 1
1482, 0
1483, 0
1484, 1
1485, 0
1486, 1
1487, 1
1488, 0
1489, 0
1490, 1
1491, 0
1492, 0
1493, 0
1494, 1
1495, 0
1496, 1
1497, 0
1498, 0
1499, 1
1500, 1
1501, 0
1502, 0
1503, 1
1504, 1
1505, 0
1506, 1
1507, 1
1508, 1
1509, 1
1510, 1
1511, 0
1512, 0
1513, 1
1514, 1
1515, 0
1516, 1
1517, 0
1518, 1
1519, 1
1520, 0
1521, 0
1522, 1
1523, 1
1524, 0
1525, 0
1526, 0
1527, 0
1528, 0
1529, 0
1530, 1
1531, 0
1532, 0
1533, 0
1534, 1
1535, 1
1536, 0
1537, 1
1538, 0
1539, 1
1540, 0
1541, 0
1542, 1
1543, 0
1544, 0
1545, 0
1546, 1
1547, 1
1548, 1
1549, 1
1550, 0
1551, 1
1552, 0
1553, 0
1554, 0
1555, 1
1556, 0
1557, 1
1558, 1
1559, 1
1560, 0
1561, 1
1562, 0
1563, 0
1564, 0
1565, 1
1566, 1
1567, 0
1568, 1
1569, 1
1570, 1
1571, 1
1572, 0
1573, 1
1574, 0
1575, 0
1576, 1
1577, 0
1578, 1
1579, 0
1580, 1
1581, 1
1582, 1
1583, 1
1584, 0
1585, 0
1586, 0
1587, 0
1588, 0
1589, 1
1590, 1
1591, 0
1592, 1
1593, 0
1594, 0
1595, 0
1596, 1
1597, 1
1598, 0
1599, 0
1600, 0
1601, 0
1602, 0
1603, 1
1604, 0
1605, 0
1606, 1
1607, 1
1608, 1
1609, 0
1610, 0
1611, 0
1612, 0
1613, 0
1614, 1
1615, 0
1616, 1
1617, 0
1618, 0
1619, 1
1620, 0
1621, 1
1622, 1
1623, 1
1624, 0
1625, 0
1626, 0
1627, 1
1628, 0
1629, 1
1630, 1
1631, 1
1632, 1
1633, 0
1634, 1
1635, 1
1636, 1
1637, 1
1638, 1
1639, 1
1640, 1
1641, 0
1642, 1
1643, 1
1644, 1
1645, 0
1646, 0
1647, 0
1648, 0
1649, 0
1650, 0
1651, 1
1652, 0
1653, 0
1654, 0
1655, 0
1656, 1
1657, 1
1658, 0
1659, 1
1660, 1
1661, 1
1662, 0
1663, 0
1664, 1
1665, 0
1666, 0
1667, 1
1668, 0
1669, 1
1670, 1
1671, 0
1672, 1
1673, 0
1674, 1
1675, 1
1676, 1
1677, 1
1678, 1
1679, 1
1680, 0
1681, 1
1682, 0
1683, 1
1684, 1
1685, 0
1686, 0
1687, 0
1688, 1
1689, 1
1690, 1
1691, 1
1692, 0
1693, 0
1694, 0
1695, 0
1696, 0
1697, 1
1698, 0
1699, 0
1700, 1
1701, 0
1702, 0
1703, 0
1704, 1
1705, 1
1706, 0
1707, 0
1708, 0
1709, 0
1710, 1
1711, 1
1712, 1
1713, 0
1714, 1
1715, 0
1716, 1
1717, 0
1718, 1
1719, 1
1720, 0
1721, 0
1722, 0
1723, 1
1724, 0
1725, 0
1726, 1
1727, 1
1728, 0
1729, 1
1730, 0
1731, 0
1732, 1
1733, 0
1734, 0
1735, 1
1736, 0
1737, 1
1738, 1
1739, 0
1740, 1
1741, 1
1742, 1
1743, 1
1744, 0
1745, 1
1746, 1
1747, 1
1748, 1
1749, 1
1750, 0
1751, 1
1752, 0
1753, 1
1754, 0
1755, 1
1756, 0
1757, 0
1758, 0
1759, 0
1760, 0
1761, 0
1762, 0
1763, 1
1764, 1
1765, 1
1766, 1
1767, 0
1768, 0
1769, 1
1770, 0
1771, 1
1772, 0
1773, 1
1774, 1
1775, 1
1776, 0
1777, 1
1778, 1
1779, 1
1780, 1
1781, 1
1782, 1
1783, 0
1784, 0
1785, 1
1786, 0
1787, 1
1788, 0
1789, 1
1790, 1
1791, 1
1792, 1
1793, 0
1794, 0
1795, 1
1796, 0
1797, 1
1798, 0
1799, 1
1800, 1
1801, 0
1802, 0
1803, 0
1804, 0
1805, 1
1806, 1
1807, 0
1808, 1
1809, 1
1810, 1
1811, 1
1812, 0
1813, 1
1814, 1
1815, 0
1816, 1
1817, 0
1818, 0
1819, 0
1820, 1
1821, 1
1822, 0
1823, 1
1824, 1
1825, 0
1826, 0
1827, 1
1828, 0
1829, 0
1830, 0
1831, 1
1832, 0
1833, 1
1834, 0
1835, 0
1836, 1
1837, 0
1838, 1
1839, 0
1840, 0
1841, 1
1842, 0
1843, 1
1844, 0
1845, 0
1846, 0
1847, 0
1848, 1
1849, 0
1850, 0
1851, 0
1852, 0
1853, 0
1854, 0
1855, 0
1856, 0
1857, 0
1858, 1
1859, 0
1860, 0
1861, 0
1862, 1
1863, 1
1864, 1
1865, 0
1866, 0
1867, 1
1868, 1
1869, 0
1870, 1
1871, 1
1872, 0
1873, 0
1874, 1
1875, 1
1876, 1
1877, 0
1878, 1
1879, 0
1880, 1
1881, 1
1882, 0
1883, 0
1884, 1
1885, 1
1886, 1
1887, 0
1888, 1
1889, 0
1890, 0
1891, 0
1892, 1
1893, 1
1894, 1
1895, 1
1896, 1
1897, 0
1898, 1
1899, 0
1900, 0
1901, 1
1902, 1
1903, 1
1904, 0
1905, 1
1906, 0
1907, 0
1908, 0
1909, 1
1910, 1
1911, 1
1912, 0
1913, 1
1914, 1
1915, 1
1916, 0
1917, 0
1918, 1
1919, 1
1920, 1
1921, 1
1922, 0
1923, 1
1924, 1
1925, 1
1926, 0
1927, 1
1928, 0
1929, 0
1930, 1
1931, 0
1932, 0
1933, 0
1934, 1
1935, 1
1936, 1
1937, 1
1938, 1
1939, 0
1940, 0
1941, 1
1942, 1
1943, 1
1944, 1
1945, 1
1946, 1
1947, 1
1948, 0
1949, 1
1950, 0
1951, 0
1952, 0
1953, 0
1954, 1
1955, 0
1956, 1
1957, 1
1958, 1
1959, 0
1960, 0
1961, 0
1962, 1
1963, 0
1964, 0
1965, 1
1966, 1
1967, 1
1968, 0
1969, 0
1970, 1
1971, 1
1972, 0
1973, 0
1974, 1
1975, 1
1976, 0
1977, 0
1978, 0
1979, 0
1980, 1
1981, 0
1982, 1
1983, 0
1984, 0
1985, 0
1986, 1
1987, 0
1988, 0
1989, 0
1990, 0
1991, 1
1992, 0
1993, 1
1994, 0
1995, 0
1996, 1
1997, 1
1998, 0
1999, 1
2000, 1
2001, 0
2002, 0
2003, 0
2004, 1
2005, 1
2006, 0
2007, 1
2008, 1
2009, 1
2010, 1
2011, 1
2012, 0
2013, 0
2014, 0
2015, 0
2016, 0
2017, 1
2018, 1
2019, 1
2020, 0
2021, 1
2022, 0
2023, 1
2024, 1
2025, 1
2026, 1
2027, 1
2028, 1
2029, 0
2030, 0
2031, 0
2032, 0
2033, 0
2034, 1
2035, 1
2036, 0
2037, 0
2038, 1
2039, 1
2040, 0
2041, 0
2042, 1
2043, 0
2044, 0
2045, 0
2046, 0
2047, 0
2048, 1
2049, 0
2050, 1
2051, 0
2052, 1
2053, 1
2054, 1
2055, 0
2056, 1
2057, 1
2058, 0
2059, 0
2060, 1
2061, 1
2062, 1
2063, 1
2064, 1
2065, 1
2066, 1
2067, 0
2068, 1
2069, 1
2070, 1
2071, 1
2072, 1
2073, 0
2074, 0
2075, 0
2076, 0
2077, 1
2078, 0
2079, 0
2080, 0
2081, 0
2082, 0
2083, 0
2084, 0
2085, 1
2086, 1
2087, 1
2088, 1
2089, 0
2090, 0
2091, 1
2092, 1
2093, 0
2094, 1
2095, 1
2096, 1
2097, 1
2098, 1
2099, 0
2100, 1
2101, 0
2102, 0
2103, 0
2104, 0
2105, 1
2106, 1
2107, 0
2108, 1
2109, 1
2110, 1
2111, 0
2112, 0
2113, 1
2114, 1
2115, 1
2116, 0
2117, 1
2118, 0
2119, 0
2120, 1
2121, 1
2122, 1
2123, 0
2124, 0
2125, 0
2126, 1
2127, 0
2128, 0
2129, 1
2130, 0
2131, 0
2132, 1
2133, 0
2134, 0
2135, 1
2136, 1
2137, 0
2138, 0
2139, 1
2140, 0
2141, 0
2142, 0
2143, 0
2144, 0
2145, 0
2146, 1
2147, 1
2148, 1
2149, 1
2150, 0
2151, 1
2152, 1
2153, 0
2154, 0
2155, 0
2156, 1
2157, 0
2158, 1
2159, 1
2160, 1
2161, 0
2162, 1
2163, 1
2164, 0
2165, 1
2166, 1
2167, 1
2168, 0
2169, 0
2170, 0
2171, 0
2172, 1
2173, 1
2174, 1
2175, 0
2176, 0
2177, 0
2178, 0
2179, 0
2180, 1
2181, 1
2182, 1
2183, 0
2184, 1
2185, 1
2186, 1
2187, 0
2188, 1
2189, 1
2190, 0
2191, 1
2192, 1
2193, 1
2194, 0
2195, 0
2196, 1
2197, 1
2198, 1
2199, 1
2200, 0
2201, 1
2202, 1
2203, 1
2204, 0
2205, 1
2206, 1
2207, 0
2208, 1
2209, 1
2210, 1
2211, 0
2212, 1
2213, 1
2214, 0
2215, 0
2216, 0
2217, 0
2218, 1
2219, 0
2220, 1
2221, 0
2222, 1
2223, 1
2224, 0
2225, 0
2226, 1
2227, 0
2228, 1
2229, 1
2230, 0
2231, 1
2232, 1
2233, 1
2234, 1
2235, 0
2236, 1
2237, 1
2238, 1
2239, 0
2240, 0
2241, 1
2242, 1
2243, 1
2244, 1
2245, 1
2246, 0
2247, 1
2248, 1
2249, 1
2250, 1
2251, 0
2252, 0
2253, 1
2254, 1
2255, 0
2256, 0
2257, 1
2258, 0
2259, 0
2260, 0
2261, 0
2262, 0
2263, 1
2264, 0
2265, 0
2266, 1
2267, 1
2268, 0
2269, 0
2270, 0
2271, 1
2272, 0
2273, 0
2274, 1
2275, 1
2276, 1
2277, 1
2278, 0
2279, 1
2280, 0
2281, 0
2282, 1
2283, 1
2284, 0
2285, 0
2286, 1
2287, 1
2288, 1
2289, 0
2290, 0
2291, 1
2292, 1
2293, 1
2294, 1
2295, 0
2296, 1
2297, 1
2298, 0
2299, 1
2300, 1
2301, 0
2302, 0
2303, 0
2304, 0
2305, 1
2306, 1
2307, 0
2308, 0
2309, 1
2310, 1
2311, 1
2312, 1
2313, 0
2314, 1
2315, 0
2316, 1
2317, 0
2318, 0
2319, 1
2320, 1
2321, 1
2322, 0
2323, 0
2324, 0
2325, 1
2326, 0
2327, 1
2328, 1
2329, 1
2330, 0
2331, 0
2332, 1
2333, 0
2334, 1
2335, 0
2336, 1
2337, 0
2338, 0
2339, 0
2340, 1
2341, 1
2342, 1
2343, 0
2344, 0
2345, 1
2346, 1
2347, 0
2348, 1
2349, 0
2350, 0
2351, 0
2352, 1
2353, 0
2354, 1
2355, 0
2356, 1
2357, 1
2358, 0
2359, 0
2360, 0
2361, 0
2362, 1
2363, 0
2364, 1
2365, 0
2366, 1
2367, 0
2368, 0
2369, 1
2370, 0
2371, 0
2372, 0
2373, 1
2374, 1
2375, 1
2376, 0
2377, 0
2378, 1
2379, 1
2380, 0
2381, 1
2382, 1
2383, 0
2384, 0
2385, 0
2386, 0
2387, 1
2388, 0
2389, 0
2390, 1
2391, 0
2392, 0
2393, 0
2394, 1
2395, 0
2396, 0
2397, 1
2398, 1
2399, 1
2400, 0
2401, 1
2402, 0
2403, 1
2404, 0
2405, 1
2406, 1
2407, 1
2408, 0
2409, 1
2410, 1
2411, 0
2412, 1
2413, 0
2414, 1
2415, 1
2416, 1
2417, 1
2418, 1
2419, 1
2420, 1
2421, 0
2422, 0
2423, 0
2424, 1
2425, 0
2426, 0
2427, 1
2428, 0
2429, 0
2430, 1
2431, 1
2432, 0
2433, 1
2434, 0
2435, 1
2436, 1
2437, 1
2438, 0
2439, 0
2440, 0
2441, 0
2442, 0
2443, 1
2444, 1
2445, 1
2446, 1
2447, 1
2448, 0
2449, 1
2450, 0
2451, 0
2452, 0
2453, 1
2454, 0
2455, 0
2456, 0
2457, 1
2458, 0
2459, 1
2460, 0
2461, 1
2462, 1
2463, 1
2464, 1
2465, 1
2466, 0
2467, 0
2468, 0
2469, 1
2470, 1
2471, 1
2472, 1
2473, 0
2474, 0
2475, 1
2476, 1
2477, 1
2478, 0
2479, 0
2480, 0
2481, 0
2482, 0
2483, 1
2484, 1
2485, 1
2486, 1
2487, 1
2488, 0
2489, 1
2490, 1
2491, 1
2492, 0
2493, 0
2494, 1
2495, 1
2496, 0
2497, 1
2498, 0
2499, 0
2500, 0
2501, 1
2502, 0
2503, 0
2504, 0
2505, 0
2506, 1
2507, 1
2508, 0
2509, 0
2510, 1
2511, 0
2512, 0
2513, 1
2514, 0
2515, 0
2516, 1
2517, 1
2518, 0
2519, 1
2520, 1
2521, 1
2522, 1
2523, 1
2524, 0
2525, 0
2526, 0
2527, 1
2528, 1
2529, 0
2530, 0
2531, 0
2532, 0
2533, 0
2534, 0
2535, 1
2536, 1
2537, 0
2538, 1
2539, 1
2540, 0
2541, 1
2542, 0
2543, 0
2544, 1
2545, 1
2546, 1
2547, 0
2548, 0
2549, 0
2550, 0
2551, 1
2552, 0
2553, 1
2554, 1
2555, 1
2556, 1
2557, 1
2558, 0
2559, 0
2560, 1
2561, 1
2562, 0
2563, 0
2564, 0
2565, 1
2566, 0
2567, 0
2568, 1
2569, 1
2570, 1
2571, 0
2572, 0
2573, 0
2574, 1
2575, 0
2576, 1
2577, 1
2578, 1
2579, 1
2580, 1
2581, 0
2582, 0
2583, 1
2584, 0
2585, 0
2586, 1
2587, 1
2588, 1
2589, 0
2590, 1
2591, 1
2592, 0
2593, 1
2594, 0
2595, 0
2596, 1
2597, 1
2598, 0
2599, 1
2600, 1
2601, 1
2602, 1
2603, 0
2604, 1
2605, 1
2606, 0
2607, 1
2608, 1
2609, 1
2610, 1
2611, 1
2612, 1
2613, 0
2614, 0
2615, 1
2616, 1
2617, 1
2618, 0
2619, 1
2620, 0
2621, 1
2622, 0
2623, 1
2624, 1
2625, 1
2626, 0
2627, 0
2628, 1
2629, 1
2630, 1
2631, 0
2632, 1
2633, 0
2634, 1
2635, 1
2636, 1
2637, 1
2638, 0
2639, 0
2640, 0
2641, 1
2642, 1
2643, 0
2644, 1
2645, 0
2646, 0
2647, 1
2648, 1
2649, 1
2650, 0
2651, 0
2652, 1
2653, 0
2654, 1
2655, 1
2656, 1
2657, 0
2658, 1
2659, 1
2660, 0
2661, 1
2662, 1
2663, 0
2664, 0
2665, 1
2666, 1
2667, 1
2668, 0
2669, 0
2670, 1
2671, 0
2672, 1
2673, 0
2674, 0
2675, 1
2676, 1
2677, 0
2678, 1
2679, 1
2680, 0
2681, 0
2682, 1
2683, 1
2684, 0
2685, 0
2686, 1
2687, 0
2688, 1
2689, 0
2690, 0
2691, 1
2692, 0
2693, 0
2694, 0
2695, 0
2696, 1
2697, 1
2698, 1
2699, 0
2700, 1
2701, 0
2702, 0
2703, 1
2704, 1
2705, 0
2706, 1
2707, 1
2708, 0
2709, 0
2710, 0
2711, 1
2712, 1
2713, 1
2714, 1
2715, 1
2716, 1
2717, 0
2718, 0
2719, 1
2720, 1
2721, 0
2722, 1
2723, 1
2724, 1
2725, 1
2726, 0
2727, 1
2728, 1
2729, 0
2730, 0
2731, 0
2732, 1
2733, 1
2734, 0
2735, 0
2736, 1
2737, 1
2738, 0
2739, 0
2740, 1
2741, 1
2742, 1
2743, 1
2744, 1
2745, 1
2746, 1
2747, 1
2748, 0
2749, 1
2750, 1
2751, 1
2752, 1
2753, 1
2754, 0
2755, 0
2756, 1
2757, 1
2758, 1
2759, 0
2760, 0
2761, 1
2762, 0
2763, 0
2764, 0
2765, 0
2766, 1
2767, 1
2768, 1
2769, 0
2770, 0
2771, 1
2772, 0
2773, 1
2774, 0
2775, 0
2776, 0
2777, 0
2778, 1
2779, 0
2780, 1
2781, 0
2782, 1
2783, 0
2784, 0
2785, 0
2786, 0
2787, 0
2788, 0
2789, 0
2790, 1
2791, 1
2792, 0
2793, 1
2794, 1
2795, 1
2796, 1
2797, 1
2798, 0
2799, 0
2800, 0
2801, 0
2802, 1
2803, 1
2804, 1
2805, 1
2806, 0
2807, 1
2808, 0
2809, 1
2810, 0
2811, 0
2812, 0
2813, 0
2814, 0
2815, 0
2816, 1
2817, 0
2818, 1
2819, 1
2820, 1
2821, 1
2822, 1
2823, 0
2824, 0
2825, 1
2826, 0
2827, 1
2828, 1
2829, 1
2830, 1
2831, 1
2832, 0
2833, 0
2834, 0
2835, 1
2836, 1
2837, 1
2838, 0
2839, 1
2840, 0
2841, 0
2842, 1
2843, 1
2844, 0
2845, 0
2846, 0
2847, 0
2848, 1
2849, 1
2850, 0
2851, 0
2852, 0
2853, 0
2854, 1
2855, 0
2856, 1
2857, 1
2858, 0
2859, 0
2860, 0
2861, 1
2862, 1
2863, 1
2864, 1
2865, 1
2866, 1
2867, 0
2868, 0
2869, 1
2870, 0
2871, 1
2872, 1
2873, 0
2874, 0
2875, 0
2876, 1
2877, 1
2878, 1
2879, 0
2880, 1
2881, 0
2882, 0
2883, 0
2884, 1
2885, 1
2886, 0
2887, 1
2888, 1
2889, 1
2890, 0
2891, 0
2892, 0
2893, 0
2894, 1
2895, 0
2896, 1
2897, 1
2898, 1
2899, 1
2900, 0
2901, 1
2902, 0
2903, 1
2904, 1
2905, 0
2906, 0
2907, 1
2908, 1
2909, 0
2910, 0
2911, 1
2912, 1
2913, 0
2914, 0
2915, 1
2916, 1
2917, 1
2918, 0
2919, 1
2920, 1
2921, 0
2922, 1
2923, 0
2924, 0
2925, 1
2926, 1
2927, 1
2928, 1
2929, 0
2930, 1
2931, 1
2932, 1
2933, 1
2934, 1
2935, 0
2936, 1
2937, 1
2938, 1
2939, 1
2940, 0
2941, 0
2942, 1
2943, 0
2944, 0
2945, 1
2946, 1
2947, 0
2948, 0
2949, 1
2950, 1
2951, 0
2952, 1
2953, 0
2954, 0
2955, 0
2956, 1
2957, 1
2958, 1
2959, 1
2960, 0
2961, 1
2962, 1
2963, 0
2964, 0
2965, 0
2966, 1
2967, 1
2968, 0
2969, 1
2970, 1
2971, 1
2972, 0
2973, 1
2974, 0
2975, 0
2976, 0
2977, 0
2978, 0
2979, 0
2980, 0
2981, 0
2982, 0
2983, 1
2984, 1
2985, 0
2986, 1
2987, 1
2988, 1
2989, 1
2990, 0
2991, 0
2992, 0
2993, 0
2994, 1
2995, 0
2996, 0
2997, 1
2998, 1
2999, 0
3000, 1
3001, 1
3002, 1
3003, 0
3004, 0
3005, 1
3006, 1
3007, 1
3008, 0
3009, 0
3010, 1
3011, 0
3012, 1
3013, 1
3014, 1
3015, 0
3016, 0
3017, 0
3018, 0
3019, 1
3020, 0
3021, 0
3022, 1
3023, 0
3024, 1
3025, 1
3026, 1
3027, 0
3028, 1
3029, 1
3030, 1
3031, 1
3032, 1
3033, 1
3034, 0
3035, 1
3036, 0
3037, 0
3038, 1
3039, 0
3040, 0
3041, 1
3042, 0
3043, 0
3044, 1
3045, 1
3046, 0
3047, 0
3048, 1
3049, 1
3050, 0
3051, 1
3052, 0
3053, 0
3054, 1
3055, 1
3056, 1
3057, 0
3058, 1
3059, 1
3060, 1
3061, 0
3062, 1
3063, 0
3064, 1
3065, 1
3066, 1
3067, 0
3068, 1
3069, 0
3070, 0
3071, 1
3072, 0
3073, 1
3074, 1
3075, 1
3076, 0
3077, 1
3078, 0
3079, 0
3080, 1
3081, 0
3082, 0
3083, 0
3084, 1
3085, 1
3086, 0
3087, 1
3088, 1
3089, 1
3090, 0
3091, 1
3092, 1
3093, 1
3094, 1
3095, 1
3096, 1
3097, 1
3098, 1
3099, 1
3100, 1
3101, 1
3102, 0
3103, 0
3104, 1
3105, 1
3106, 1
3107, 1
3108, 1
3109, 1
3110, 0
3111, 1
3112, 0
3113, 1
3114, 0
3115, 0
3116, 1
3117, 1
3118, 0
3119, 0
3120, 1
3121, 0
3122, 0
3123, 1
3124, 0
3125, 1
3126, 1
3127, 1
3128, 1
3129, 0
3130, 0
3131, 0
3132, 1
3133, 0
3134, 0
3135, 0
3136, 0
3137, 0
3138, 1
3139, 0
3140, 1
3141, 1
3142, 0
3143, 0
3144, 1
3145, 1
3146, 0
3147, 0
3148, 1
3149, 0
3150, 1
3151, 0
3152, 1
3153, 0
3154, 0
3155, 1
3156, 1
3157, 0
3158, 0
3159, 1
3160, 0
3161, 0
3162, 1
3163, 1
3164, 0
3165, 1
3166, 1
3167, 1
3168, 1
3169, 1
3170, 0
3171, 1
3172, 0
3173, 0
3174, 1
3175, 0
3176, 0
3177, 1
3178, 0
3179, 0
3180, 0
3181, 1
3182, 0
3183, 1
3184, 0
3185, 1
3186, 1
3187, 1
3188, 0
3189, 1
3190, 0
3191, 1
3192, 0
3193, 0
3194, 1
3195, 0
3196, 0
3197, 1
3198, 0
3199, 0
3200, 1
3201, 1
3202, 1
3203, 0
3204, 1
3205, 0
3206, 1
3207, 1
3208, 0
3209, 1
3210, 1
3211, 0
3212, 1
3213, 1
3214, 0
3215, 0
3216, 1
3217, 0
3218, 0
3219, 0
3220, 1
3221, 1
3222, 1
3223, 1
3224, 1
3225, 1
3226, 1
3227, 1
3228, 1
3229, 1
3230, 1
3231, 0
3232, 0
3233, 0
3234, 0
3235, 1
3236, 1
3237, 0
3238, 1
3239, 0
3240, 0
3241, 1
3242, 0
3243, 0
3244, 1
3245, 1
3246, 0
3247, 1
3248, 0
3249, 1
3250, 1
3251, 0
3252, 1
3253, 1
3254, 0
3255, 0
3256, 0
3257, 1
3258, 0
3259, 1
3260, 0
3261, 0
3262, 1
3263, 0
3264, 0
3265, 1
3266, 0
3267, 0
3268, 0
3269, 1
3270, 0
3271, 1
3272, 0
3273, 0
3274, 1
3275, 0
3276, 0
3277, 0
3278, 0
3279, 0
3280, 1
3281, 1
3282, 0
3283, 1
3284, 1
3285, 0
3286, 0
3287, 1
3288, 1
3289, 0
3290, 0
3291, 1
3292, 1
3293, 0
3294, 1
3295, 1
3296, 1
3297, 1
3298, 1
3299, 0
3300, 1
3301, 1
3302, 0
3303, 0
3304, 1
3305, 1
3306, 0
3307, 0
3308, 1
3309, 1
3310, 0
3311, 0
3312, 0
3313, 1
3314, 0
3315, 0
3316, 1
3317, 1
3318, 0
3319, 1
3320, 1
3321, 0
3322, 1
3323, 1
3324, 0
3325, 1
3326, 0
3327, 1
3328, 1
3329, 0
3330, 0
3331, 1
3332, 1
3333, 0
3334, 0
3335, 0
3336, 0
3337, 0
3338, 1
3339, 0
3340, 0
3341, 1
3342, 1
3343, 0
3344, 0
3345, 1
3346, 0
3347, 0
3348, 0
3349, 0
3350, 1
3351, 0
3352, 0
3353, 0
3354, 1
3355, 1
3356, 0
3357, 0
3358, 0
3359, 1
3360, 1
3361, 0
3362, 1
3363, 1
3364, 0
3365, 1
3366, 1
3367, 0
3368, 1
3369, 1
3370, 1
3371, 1
3372, 0
3373, 0
3374, 0
3375, 1
3376, 0
3377, 0
3378, 1
3379, 0
3380, 1
3381, 1
3382, 1
3383, 0
3384, 1
3385, 1
3386, 1
3387, 0
3388, 0
3389, 0
3390, 0
3391, 0
3392, 1
3393, 1
3394, 1
3395, 1
3396, 1
3397, 1
3398, 1
3399, 1
3400, 1
3401, 0
3402, 1
3403, 1
3404, 1
3405, 1
3406, 1
3407, 1
3408, 1
3409, 0
3410, 0
3411, 1
3412, 1
3413, 0
3414, 1
3415, 1
3416, 1
3417, 1
3418, 1
3419, 1
3420, 0
3421, 0
3422, 0
3423, 0
3424, 1
3425, 1
3426, 1
3427, 1
3428, 0
3429, 0
3430, 0
3431, 1
3432, 1
3433, 0
3434, 0
3435, 0
3436, 0
3437, 0
3438, 1
3439, 1
3440, 0
3441, 0
3442, 0
3443, 0
3444, 1
3445, 0
3446, 1
3447, 1
3448, 0
3449, 1
3450, 0
3451, 0
3452, 1
3453, 0
3454, 1
3455, 0
3456, 1
3457, 0
3458, 1
3459, 0
3460, 1
3461, 1
3462, 1
3463, 1
3464, 0
3465, 1
3466, 0
3467, 1
3468, 1
3469, 0
3470, 0
3471, 1
3472, 0
3473, 0
3474, 0
3475, 1
3476, 1
3477, 1
3478, 0
3479, 1
3480, 0
3481, 0
3482, 1
3483, 0
3484, 1
3485, 1
3486, 1
3487, 0
3488, 0
3489, 0
3490, 1
3491, 1
3492, 0
3493, 1
3494, 0
3495, 1
3496, 0
3497, 0
3498, 0
3499, 1
3500, 0
3501, 1
3502, 0
3503, 1
3504, 0
3505, 0
3506, 0
3507, 1
3508, 1
3509, 0
3510, 1
3511, 1
3512, 1
3513, 0
3514, 0
3515, 1
3516, 1
3517, 0
3518, 1
3519, 0
3520, 0
3521, 1
3522, 1
3523, 1
3524, 1
3525, 1
3526, 1
3527, 1
3528, 0
3529, 1
3530, 1
3531, 0
3532, 0
3533, 0
3534, 0
3535, 0
3536, 0
3537, 1
3538, 0
3539, 0
3540, 1
3541, 1
3542, 1
3543, 0
3544, 0
3545, 1
3546, 1
3547, 1
3548, 1
3549, 1
3550, 0
3551, 1
3552, 0
3553, 0
3554, 1
3555, 1
3556, 0
3557, 1
3558, 0
3559, 1
3560, 0
3561, 0
3562, 0
3563, 1
3564, 0
3565, 0
3566, 0
3567, 0
3568, 1
3569, 0
3570, 1
3571, 1
3572, 1
3573, 1
3574, 0
3575, 1
3576, 0
3577, 0
3578, 1
3579, 1
3580, 0
3581, 0
3582, 1
3583, 0
3584, 0
3585, 1
3586, 1
3587, 1
3588, 1
3589, 0
3590, 0
3591, 1
3592, 1
3593, 0
3594, 1
3595, 1
3596, 1
3597, 0
3598, 0
3599, 1
3600, 1
3601, 1
3602, 1
3603, 1
3604, 1
3605, 0
3606, 0
3607, 0
3608, 1
3609, 0
3610, 0
3611, 0
3612, 0
3613, 1
3614, 1
3615, 0
3616, 1
3617, 1
3618, 1
3619, 0
3620, 0
3621, 0
3622, 0
3623, 1
3624, 1
3625, 0
3626, 0
3627, 1
3628, 1
3629, 1
3630, 0
3631, 1
3632, 1
3633, 0
3634, 1
3635, 1
3636, 1
3637, 1
3638, 0
3639, 1
3640, 0
3641, 1
3642, 1
3643, 1
3644, 1
3645, 1
3646, 0
3647, 0
3648, 1
3649, 1
3650, 1
3651, 1
3652, 0
3653, 0
3654, 0
3655, 1
3656, 0
3657, 0
3658, 1
3659, 0
3660, 1
3661, 1
3662, 1
3663, 1
3664, 0
3665, 0
3666, 1
3667, 1
3668, 0
3669, 1
3670, 0
3671, 1
3672, 0
3673, 1
3674, 0
3675, 1
3676, 1
3677, 0
3678, 0
3679, 1
3680, 0
3681, 1
3682, 1
3683, 0
3684, 1
3685, 1
3686, 0
3687, 1
3688, 1
3689, 0
3690, 0
3691, 0
3692, 0
3693, 0
3694, 0
3695, 0
3696, 1
3697, 0
3698, 0
3699, 1
3700, 1
3701, 0
3702, 0
3703, 0
3704, 0
3705, 1
3706, 1
3707, 1
3708, 1
3709, 1
3710, 0
3711, 1
3712, 1
3713, 1
3714, 1
3715, 1
3716, 0
3717, 0
3718, 1
3719, 0
3720, 0
3721, 1
3722, 0
3723, 1
3724, 1
3725, 1
3726, 0
3727, 0
3728, 0
3729, 1
3730, 0
3731, 0
3732, 0
3733, 0
3734, 0
3735, 0
3736, 1
3737, 0
3738, 1
3739, 0
3740, 1
3741, 1
3742, 0
3743, 1
3744, 0
3745, 1
3746, 1
3747, 1
3748, 1
3749, 0
3750, 0
3751, 1
3752, 1
3753, 0
3754, 0
3755, 0
3756, 0
3757, 1
3758, 0
3759, 1
3760, 1
3761, 0
3762, 0
3763, 0
3764, 1
3765, 1
3766, 0
3767, 0
3768, 1
3769, 1
3770, 1
3771, 1
3772, 1
3773, 0
3774, 1
3775, 1
3776, 1
3777, 0
3778, 1
3779, 1
3780, 0
3781, 0
3782, 1
3783, 1
3784, 0
3785, 1
3786, 1
3787, 0
3788, 1
3789, 0
3790, 0
3791, 0
3792, 1
3793, 1
3794, 1
3795, 1
3796, 1
3797, 0
3798, 0
3799, 0
3800, 1
3801, 0
3802, 1
3803, 0
3804, 1
3805, 1
3806, 1
3807, 0
3808, 0
3809, 0
3810, 0
3811, 0
3812, 0
3813, 1
3814, 1
3815, 0
3816, 1
3817, 1
3818, 1
3819, 1
3820, 0
3821, 0
3822, 0
3823, 1
3824, 1
3825, 0
3826, 1
3827, 1
3828, 0
3829, 0
3830, 1
3831, 1
3832, 0
3833, 1
3834, 0
3835, 1
3836, 1
3837, 0
3838, 1
3839, 1
3840, 1
3841, 0
3842, 0
3843, 0
3844, 1
3845, 1
3846, 0
3847, 1
3848, 1
3849, 1
3850, 1
3851, 1
3852, 1
3853, 1
3854, 1
3855, 1
3856, 1
3857, 1
3858, 1
3859, 0
3860, 1
3861, 0
3862, 1
3863, 0
3864, 1
3865, 0
3866, 1
3867, 0
3868, 1
3869, 1
3870, 1
3871, 1
3872, 1
3873, 0
3874, 0
3875, 1
3876, 0
3877, 1
3878, 1
3879, 0
3880, 1
3881, 0
3882, 0
3883, 1
3884, 1
3885, 1
3886, 1
3887, 0
3888, 0
3889, 1
3890, 0
3891, 0
3892, 1
3893, 0
3894, 1
3895, 0
3896, 0
3897, 0
3898, 0
3899, 1
3900, 0
3901, 1
3902, 0
3903, 0
3904, 1
3905, 1
3906, 0
3907, 0
3908, 1
3909, 0
3910, 0
3911, 1
3912, 1
3913, 0
3914, 1
3915, 0
3916, 0
3917, 1
3918, 1
3919, 0
3920, 0
3921, 1
3922, 1
3923, 1
3924, 1
3925, 1
3926, 1
3927, 0
3928, 0
3929, 0
3930, 1
3931, 1
3932, 1
3933, 0
3934, 1
3935, 1
3936, 0
3937, 1
3938, 0
3939, 1
3940, 1
3941, 0
3942, 1
3943, 0
3944, 0
3945, 0
3946, 1
3947, 1
3948, 1
3949, 1
3950, 0
3951, 1
3952, 1
3953, 0
3954, 0
3955, 1
3956, 0
3957, 0
3958, 1
3959, 0
3960, 1
3961, 1
3962, 0
3963, 0
3964, 1
3965, 0
3966, 0
3967, 1
3968, 0
3969, 1
3970, 1
3971, 0
3972, 1
3973, 1
3974, 0
3975, 0
3976, 1
3977, 1
3978, 1
3979, 0
3980, 0
3981, 1
3982, 0
3983, 1
3984, 1
3985, 0
3986, 0
3987, 0
3988, 0
3989, 1
3990, 1
3991, 1
3992, 0
3993, 0
3994, 1
3995, 0
3996, 1
3997, 0
3998, 1
3999, 1
